rank,name,final_score,semantic_score,experience_score,behavioral_score,retrieval_score,career_growth_score,location_score,education_score,skill_depth_score,skill_duration_score,skill_endorsement_score,leadership_score,job_stability_score,startup_mindset_score,title_semantic_score,experience_semantic_score,honeypot_flag,honeypot_type,reasoning,current_title,current_company,experience_years,location
1,Candidate_0125,0.8282,0.8087,1.0,0.7316,0.95,0.62,1.0,0.9,0.73,1.0,1.0,0.0,1.0,1.0,0.6193,0.7457,False,,"Rank #1: Strong match for retrieval-focused AI engineering role. 7 years at Meesho, CRED building semantic search, ranking, or retrieval systems with Vector Databases, LoRA, FastAPI. Behavioral signals: actively looking and open to work; immediate availability (notice period 0 days); strong open-source activity (github score 71). JD fit: meets the 5-9 year experience requirement (7 yrs); demonstrates retrieval/ranking expertise required by the JD; has the required expert-level Python.",NLP Engineer,Zoho,7.0,Noida
2,Candidate_0033,0.8227,0.7909,1.0,0.7812,0.9,0.62,1.0,1.0,0.5923,1.0,1.0,0.0,1.0,1.0,0.656,0.7347,False,,"Rank #2: Strong match for retrieval-focused AI engineering role. 9 years at Unacademy, ShareChat building semantic search, ranking, or retrieval systems with Ranking Systems, A/B Testing, PyTorch. Behavioral signals: actively looking and open to work; high recruiter engagement (response rate 0.90); immediate availability (notice period 15 days); strong open-source activity (github score 94). JD fit: meets the 5-9 year experience requirement (9 yrs); demonstrates retrieval/ranking expertise required by the JD; has the required expert-level Python.",AI Platform Engineer,CRED,9.0,Bangalore
3,Candidate_0140,0.8222,0.7896,1.0,0.6897,0.95,0.65,1.0,1.0,0.6833,1.0,1.0,0.0,1.0,1.0,0.6681,0.6921,False,,"Rank #3: Strong match for retrieval-focused AI engineering role. 5 years at Cashfree, Setu building semantic search, ranking, or retrieval systems with Transformers, LoRA, Retrieval Systems. Behavioral signals: actively looking and open to work; high recruiter engagement (response rate 0.99); strong open-source activity (github score 96); high offer acceptance rate (0.86). JD fit: meets the 5-9 year experience requirement (5 yrs); demonstrates retrieval/ranking expertise required by the JD; has the required expert-level Python.",Ranking Engineer,Razorpay,5.0,Bangalore
4,Candidate_0066,0.8203,0.784,1.0,0.7138,0.95,0.62,1.0,1.0,0.6833,1.0,1.0,0.0,1.0,1.0,0.5453,0.7975,False,,"Rank #4: Strong match for retrieval-focused AI engineering role. 7 years at Freshworks, ShareChat building semantic search, ranking, or retrieval systems with Semantic Search, MRR, Learning to Rank. Behavioral signals: actively looking and open to work; strong open-source activity (github score 75). JD fit: meets the 5-9 year experience requirement (7 yrs); demonstrates retrieval/ranking expertise required by the JD; has the required expert-level Python.",Retrieval Engineer,Unacademy,7.0,Hyderabad
5,Candidate_0048,0.8201,0.748,1.0,0.7106,1.0,0.62,1.0,1.0,0.7167,1.0,1.0,0.0,1.0,1.0,0.668,0.7391,False,,"Rank #5: Strong match for retrieval-focused AI engineering role. 9 years at Meesho, Meta building semantic search, ranking, or retrieval systems with Elasticsearch, NLP, MAP. Behavioral signals: actively looking and open to work; high recruiter engagement (response rate 0.87); strong open-source activity (github score 83). JD fit: meets the 5-9 year experience requirement (9 yrs); demonstrates retrieval/ranking expertise required by the JD; has the required expert-level Python.",AI Infrastructure Engineer,Google,9.0,Bangalore
6,Candidate_0078,0.8193,0.8047,1.0,0.6872,0.95,0.62,1.0,1.0,0.6875,1.0,1.0,0.0,1.0,0.85,0.6193,0.7482,False,,"Rank #6: Strong match for retrieval-focused AI engineering role. 7 years at Zepto, Cashfree building semantic search, ranking, or retrieval systems with Python, MLflow, RAG. Behavioral signals: actively looking and open to work; high offer acceptance rate (0.98). JD fit: meets the 5-9 year experience requirement (7 yrs); demonstrates retrieval/ranking expertise required by the JD; has the required expert-level Python.",NLP Engineer,BrowserStack,7.0,Noida
7,Candidate_0106,0.8185,0.7826,1.0,0.7549,0.9,0.65,1.0,1.0,0.6067,1.0,1.0,0.0,1.0,1.0,0.6193,0.7194,False,,"Rank #7: Strong match for retrieval-focused AI engineering role. 5 years at Freshworks, Zepto building semantic search, ranking, or retrieval systems with Distributed Systems, NDCG, Fine-Tuning. Behavioral signals: actively looking and open to work; high recruiter engagement (response rate 0.81); strong open-source activity (github score 93); high offer acceptance rate (0.96). JD fit: meets the 5-9 year experience requirement (5 yrs); demonstrates retrieval/ranking expertise required by the JD.",NLP Engineer,Cashfree,5.0,Delhi NCR
8,Candidate_0016,0.818,0.818,1.0,0.6632,0.9,0.62,1.0,0.7,0.84,0.9867,1.0,0.0,1.0,1.0,0.7376,0.751,False,,"Rank #8: Strong match for retrieval-focused AI engineering role. 6 years at Setu, Flipkart building semantic search, ranking, or retrieval systems with Transformers, PyTorch, Vector Databases. Behavioral signals: actively looking and open to work; strong open-source activity (github score 72). JD fit: meets the 5-9 year experience requirement (6 yrs); demonstrates retrieval/ranking expertise required by the JD; has the required expert-level Python.",Senior AI Engineer,Meesho,6.0,Mumbai
9,Candidate_0122,0.817,0.7757,1.0,0.6869,0.95,0.62,1.0,1.0,0.78,1.0,1.0,0.0,1.0,1.0,0.4649,0.7735,False,,"Rank #9: Strong match for retrieval-focused AI engineering role. 6 years at CRED, Zomato building semantic search, ranking, or retrieval systems with PyTorch, Retrieval Systems, Kubernetes. Behavioral signals: actively looking and open to work; high recruiter engagement (response rate 0.83); strong open-source activity (github score 86). JD fit: meets the 5-9 year experience requirement (6 yrs); demonstrates retrieval/ranking expertise required by the JD; has the required expert-level Python.",Vector Search Engineer,Setu,6.0,Noida
10,Candidate_0145,0.8162,0.7464,1.0,0.7335,1.0,0.62,1.0,1.0,0.6567,1.0,1.0,0.0,1.0,1.0,0.5707,0.7231,False,,"Rank #10: Strong match for retrieval-focused AI engineering role. 6 years at Apple, Zepto building semantic search, ranking, or retrieval systems with MLflow, Learning to Rank, LLMs. Behavioral signals: actively looking and open to work; high recruiter engagement (response rate 0.87); immediate availability (notice period 0 days); strong open-source activity (github score 77). JD fit: meets the 5-9 year experience requirement (6 yrs); demonstrates retrieval/ranking expertise required by the JD.",Search Infrastructure Engineer,Swiggy,6.0,Pune
11,Candidate_0009,0.816,0.8064,1.0,0.6913,0.95,0.62,1.0,1.0,0.5321,1.0,1.0,0.0,1.0,0.85,0.7376,0.7534,False,,"Rank #11: Strong match for retrieval-focused AI engineering role. 5 years at Zomato, Zoho building semantic search, ranking, or retrieval systems with Pinecone, Embeddings, Learning to Rank. Behavioral signals: actively looking and open to work; high offer acceptance rate (0.93). JD fit: meets the 5-9 year experience requirement (5 yrs); demonstrates retrieval/ranking expertise required by the JD; has the required expert-level Python.",Senior AI Engineer,Setu,5.0,Pune
12,Candidate_0030,0.8157,0.7705,1.0,0.7367,0.9,0.62,1.0,1.0,0.7179,1.0,1.0,0.0,1.0,1.0,0.5707,0.7248,False,,"Rank #12: Strong match for retrieval-focused AI engineering role. 7 years at CRED, Krutrim building semantic search, ranking, or retrieval systems with Learning to Rank, A/B Testing, NDCG. Behavioral signals: actively looking and open to work; high recruiter engagement (response rate 0.86); immediate availability (notice period 0 days); strong open-source activity (github score 97); high offer acceptance rate (0.82). JD fit: meets the 5-9 year experience requirement (7 yrs); demonstrates retrieval/ranking expertise required by the JD.",Search Infrastructure Engineer,Swiggy,7.0,Mumbai
13,Candidate_0055,0.815,0.7763,1.0,0.7246,0.95,0.62,1.0,1.0,0.5933,1.0,1.0,0.0,1.0,1.0,0.6193,0.6739,False,,"Rank #13: Strong match for retrieval-focused AI engineering role. 5 years at Zomato, Cashfree building semantic search, ranking, or retrieval systems with FAISS, MLflow, Embeddings. Behavioral signals: actively looking and open to work; high recruiter engagement (response rate 0.87); immediate availability (notice period 0 days); strong open-source activity (github score 71). JD fit: meets the 5-9 year experience requirement (5 yrs); demonstrates retrieval/ranking expertise required by the JD; has the required expert-level Python.",NLP Engineer,Swiggy,5.0,Noida
14,Candidate_0107,0.8148,0.784,1.0,0.7225,0.9,0.62,1.0,0.9,0.6667,1.0,1.0,0.0,1.0,1.0,0.656,0.7928,False,,"Rank #14: Strong match for retrieval-focused AI engineering role. 5 years at Swiggy, CRED building semantic search, ranking, or retrieval systems with Semantic Search, A/B Testing, Vector Databases. Behavioral signals: actively looking and open to work; high recruiter engagement (response rate 0.89); immediate availability (notice period 0 days); high offer acceptance rate (0.96). JD fit: meets the 5-9 year experience requirement (5 yrs); demonstrates retrieval/ranking expertise required by the JD; has the required expert-level Python.",AI Platform Engineer,Zomato,5.0,Delhi NCR
15,Candidate_0111,0.8146,0.7529,1.0,0.7219,0.95,0.62,1.0,1.0,0.6767,0.9,1.0,0.0,1.0,1.0,0.7376,0.7279,False,,"Rank #15: Strong match for retrieval-focused AI engineering role. 7 years at Meesho, Google building semantic search, ranking, or retrieval systems with Milvus, Fine-Tuning, Python. Behavioral signals: actively looking and open to work; high recruiter engagement (response rate 0.90); strong open-source activity (github score 98). JD fit: meets the 5-9 year experience requirement (7 yrs); demonstrates retrieval/ranking expertise required by the JD; has the required expert-level Python.",Senior AI Engineer,Freshworks,7.0,Noida
16,Candidate_0059,0.8139,0.7286,1.0,0.7644,1.0,0.62,1.0,0.9,0.7967,0.96,1.0,0.0,1.0,1.0,0.4424,0.7473,False,,"Rank #16: Strong match for retrieval-focused AI engineering role. 6 years at Sarvam AI, Microsoft building semantic search, ranking, or retrieval systems with Vector Databases, Ranking Systems, BM25. Behavioral signals: actively looking and open to work; high recruiter engagement (response rate 0.83); strong open-source activity (github score 98); high offer acceptance rate (0.85). JD fit: meets the 5-9 year experience requirement (6 yrs); demonstrates retrieval/ranking expertise required by the JD.",Senior NLP Scientist,Zepto,6.0,Bangalore
17,Candidate_0064,0.8131,0.7508,1.0,0.7764,0.9,0.62,1.0,1.0,0.6385,1.0,1.0,0.0,1.0,1.0,0.6672,0.656,False,,"Rank #17: Strong match for retrieval-focused AI engineering role. 8 years at Microsoft, Nixtla building semantic search, ranking, or retrieval systems with MAP, Embeddings, NLP. Behavioral signals: actively looking and open to work; high recruiter engagement (response rate 0.97); immediate availability (notice period 0 days); strong open-source activity (github score 75). JD fit: meets the 5-9 year experience requirement (8 yrs); demonstrates retrieval/ranking expertise required by the JD.",Applied ML Engineer,Zomato,8.0,Mumbai
18,Candidate_0131,0.8126,0.7789,1.0,0.7657,0.85,0.62,1.0,1.0,0.5846,1.0,1.0,0.0,1.0,1.0,0.662,0.7332,False,,"Rank #18: Strong match for retrieval-focused AI engineering role. 9 years at BrowserStack, Setu building semantic search, ranking, or retrieval systems with Semantic Search, Transformers, Fine-Tuning. Behavioral signals: actively looking and open to work; high recruiter engagement (response rate 0.92); immediate availability (notice period 15 days); strong open-source activity (github score 90); high offer acceptance rate (0.99). JD fit: meets the 5-9 year experience requirement (9 yrs); demonstrates retrieval/ranking expertise required by the JD.",Senior Machine Learning Engineer,Setu,9.0,Delhi NCR
19,Candidate_0018,0.8123,0.7723,1.0,0.7005,0.85,0.62,1.0,1.0,0.75,1.0,1.0,0.0,1.0,1.0,0.656,0.7865,False,,"Rank #19: Strong match for retrieval-focused AI engineering role. 6 years at Ola, ShareChat building semantic search, ranking, or retrieval systems with FastAPI, Learning to Rank, Kubernetes. Behavioral signals: actively looking and open to work; high recruiter engagement (response rate 0.85); strong open-source activity (github score 81); high offer acceptance rate (0.93). JD fit: meets the 5-9 year experience requirement (6 yrs); demonstrates retrieval/ranking expertise required by the JD.",AI Platform Engineer,Amazon,6.0,Hyderabad
20,Candidate_0086,0.812,0.758,1.0,0.659,1.0,0.62,1.0,1.0,0.74,0.84,1.0,0.0,1.0,1.0,0.656,0.7163,False,,"Rank #20: Strong match for retrieval-focused AI engineering role. 5 years at Microsoft, Zepto building semantic search, ranking, or retrieval systems with PyTorch, Kubernetes, Fine-Tuning. Behavioral signals: actively looking and open to work; immediate availability (notice period 15 days); strong open-source activity (github score 71). JD fit: meets the 5-9 year experience requirement (5 yrs); demonstrates retrieval/ranking expertise required by the JD; has the required expert-level Python.",AI Platform Engineer,Krutrim,5.0,Noida
21,Candidate_0118,0.8118,0.7625,1.0,0.6747,0.95,0.62,1.0,1.0,0.7769,1.0,1.0,0.0,1.0,1.0,0.4649,0.7595,False,,"Rank #21: Strong match for retrieval-focused AI engineering role. 7 years at Zomato, Meesho building semantic search, ranking, or retrieval systems with Pinecone, Qdrant, Fine-Tuning. Behavioral signals: actively looking and open to work; strong open-source activity (github score 81). JD fit: meets the 5-9 year experience requirement (7 yrs); demonstrates retrieval/ranking expertise required by the JD; has the required expert-level Python.",Vector Search Engineer,Setu,7.0,Bangalore
22,Candidate_0065,0.8104,0.7468,1.0,0.7207,0.95,0.62,1.0,0.9,0.7933,1.0,1.0,0.0,1.0,1.0,0.4649,0.7706,False,,"Rank #22: Strong match for retrieval-focused AI engineering role. 7 years at Flipkart, Meta building semantic search, ranking, or retrieval systems with Qdrant, Python, PyTorch. Behavioral signals: actively looking and open to work; immediate availability (notice period 0 days); strong open-source activity (github score 81); high offer acceptance rate (0.88). JD fit: meets the 5-9 year experience requirement (7 yrs); demonstrates retrieval/ranking expertise required by the JD; has the required expert-level Python.",Vector Search Engineer,Dukaan,7.0,Mumbai
23,Candidate_0147,0.8098,0.7791,1.0,0.6259,1.0,0.62,1.0,1.0,0.6433,0.8578,1.0,0.0,1.0,1.0,0.656,0.7564,False,,"Rank #23: Strong match for retrieval-focused AI engineering role. 6 years at Nixtla, Sarvam AI building semantic search, ranking, or retrieval systems with Semantic Search, Python, FAISS. Behavioral signals: high recruiter engagement (response rate 0.90); strong open-source activity (github score 96). JD fit: meets the 5-9 year experience requirement (6 yrs); demonstrates retrieval/ranking expertise required by the JD; has the required expert-level Python.",AI Platform Engineer,Setu,6.0,Mumbai
24,Candidate_0060,0.8093,0.7281,1.0,0.7115,1.0,0.65,1.0,1.0,0.5833,1.0,1.0,0.0,1.0,1.0,0.6672,0.6847,False,,"Rank #24: Strong match for retrieval-focused AI engineering role. 5 years at Setu, Unacademy building semantic search, ranking, or retrieval systems with FastAPI, MAP, Kubernetes. Behavioral signals: actively looking and open to work; high recruiter engagement (response rate 0.97). JD fit: meets the 5-9 year experience requirement (5 yrs); demonstrates retrieval/ranking expertise required by the JD.",Applied ML Engineer,Zepto,5.0,Mumbai
25,Candidate_0129,0.8085,0.7282,1.0,0.751,0.93,0.65,1.0,1.0,0.6233,1.0,1.0,0.0,1.0,1.0,0.6681,0.656,False,,"Rank #25: Strong match for retrieval-focused AI engineering role. 5 years at Unacademy, PhonePe building semantic search, ranking, or retrieval systems with LoRA, RAG, Distributed Systems. Behavioral signals: actively looking and open to work; high recruiter engagement (response rate 0.98); strong open-source activity (github score 84). JD fit: meets the 5-9 year experience requirement (5 yrs); demonstrates retrieval/ranking expertise required by the JD; has the required expert-level Python.",Ranking Engineer,BrowserStack,5.0,Pune
26,Candidate_0084,0.8085,0.7376,1.0,0.7198,0.95,0.62,1.0,0.8,0.78,1.0,1.0,0.0,1.0,1.0,0.668,0.725,False,,"Rank #26: Strong match for retrieval-focused AI engineering role. 5 years at Freshworks, Cashfree building semantic search, ranking, or retrieval systems with Recommendation Systems, NDCG, Qdrant. Behavioral signals: actively looking and open to work; high recruiter engagement (response rate 0.88); high offer acceptance rate (0.93). JD fit: meets the 5-9 year experience requirement (5 yrs); demonstrates retrieval/ranking expertise required by the JD.",AI Infrastructure Engineer,Apple,5.0,Noida
27,Candidate_0126,0.8082,0.7183,1.0,0.7352,1.0,0.62,1.0,1.0,0.7067,1.0,1.0,0.0,1.0,0.85,0.6135,0.7003,False,,"Rank #27: Strong match for retrieval-focused AI engineering role. 7 years at ShareChat, Flipkart building semantic search, ranking, or retrieval systems with Learning to Rank, MAP, Ranking Systems. Behavioral signals: actively looking and open to work; high recruiter engagement (response rate 0.95); strong open-source activity (github score 83); high offer acceptance rate (0.84). JD fit: meets the 5-9 year experience requirement (7 yrs); demonstrates retrieval/ranking expertise required by the JD.",Search Engineer,CRED,7.0,Noida
28,Candidate_0133,0.808,0.7166,1.0,0.7449,1.0,0.62,1.0,1.0,0.5536,1.0,1.0,0.0,1.0,1.0,0.6681,0.7246,False,,"Rank #28: Strong match for retrieval-focused AI engineering role. 5 years at Dukaan, Sarvam AI building semantic search, ranking, or retrieval systems with RAG, Elasticsearch, Recommendation Systems. Behavioral signals: actively looking and open to work; immediate availability (notice period 0 days); strong open-source activity (github score 73); high offer acceptance rate (0.93). JD fit: meets the 5-9 year experience requirement (5 yrs); demonstrates retrieval/ranking expertise required by the JD.",Ranking Engineer,Zoho,5.0,Delhi NCR
29,Candidate_0138,0.8078,0.7322,1.0,0.6754,0.95,0.62,1.0,1.0,0.7333,1.0,1.0,0.0,1.0,1.0,0.668,0.7405,False,,"Rank #29: Strong match for retrieval-focused AI engineering role. 6 years at Zomato, BrowserStack building semantic search, ranking, or retrieval systems with PyTorch, Information Retrieval, Python. Behavioral signals: high recruiter engagement (response rate 0.88); immediate availability (notice period 0 days); strong open-source activity (github score 98); high offer acceptance rate (0.83). JD fit: meets the 5-9 year experience requirement (6 yrs); demonstrates retrieval/ranking expertise required by the JD; has the required expert-level Python.",AI Infrastructure Engineer,PhonePe,6.0,Pune
30,Candidate_0139,0.8076,0.7701,1.0,0.663,0.95,0.62,1.0,0.9,0.6458,1.0,1.0,0.0,1.0,1.0,0.668,0.7486,False,,"Rank #30: Strong match for retrieval-focused AI engineering role. 8 years at Flipkart, Meesho building semantic search, ranking, or retrieval systems with Information Retrieval, Recommendation Systems, Retrieval Systems. Behavioral signals: immediate availability (notice period 0 days); strong open-source activity (github score 95); high offer acceptance rate (0.81). JD fit: meets the 5-9 year experience requirement (8 yrs); demonstrates retrieval/ranking expertise required by the JD; has the required expert-level Python.",AI Infrastructure Engineer,Ola,8.0,Noida
31,Candidate_0127,0.8071,0.7331,1.0,0.6641,1.0,0.62,1.0,1.0,0.7367,1.0,1.0,0.0,1.0,0.85,0.656,0.7463,False,,"Rank #31: Strong match for retrieval-focused AI engineering role. 6 years at Setu, Zomato building semantic search, ranking, or retrieval systems with FAISS, BM25, Pinecone. Behavioral signals: actively looking and open to work; high recruiter engagement (response rate 0.82); immediate availability (notice period 15 days). JD fit: meets the 5-9 year experience requirement (6 yrs); demonstrates retrieval/ranking expertise required by the JD; has the required expert-level Python.",AI Platform Engineer,Unacademy,6.0,Pune
32,Candidate_0067,0.807,0.6998,1.0,0.735,1.0,0.62,1.0,0.9,0.7733,1.0,1.0,0.0,1.0,1.0,0.5707,0.7451,False,,"Rank #32: Strong match for retrieval-focused AI engineering role. 8 years at Freshworks, Zomato building semantic search, ranking, or retrieval systems with Recommendation Systems, LoRA, NDCG. Behavioral signals: actively looking and open to work; strong open-source activity (github score 74). JD fit: meets the 5-9 year experience requirement (8 yrs); demonstrates retrieval/ranking expertise required by the JD; has the required expert-level Python.",Search Infrastructure Engineer,Meesho,8.0,Bangalore
33,Candidate_0099,0.8064,0.7249,1.0,0.709,0.95,0.62,1.0,1.0,0.6633,1.0,1.0,0.0,1.0,1.0,0.6681,0.7351,False,,"Rank #33: Strong match for retrieval-focused AI engineering role. 7 years at Swiggy, Nixtla building semantic search, ranking, or retrieval systems with Semantic Search, A/B Testing, Kubernetes. Behavioral signals: actively looking and open to work; high recruiter engagement (response rate 0.82); immediate availability (notice period 0 days); strong open-source activity (github score 72); high offer acceptance rate (0.81). JD fit: meets the 5-9 year experience requirement (7 yrs); demonstrates retrieval/ranking expertise required by the JD; has the required expert-level Python.",Ranking Engineer,Zomato,7.0,Noida
34,Candidate_0102,0.8064,0.765,1.0,0.6659,0.95,0.62,1.0,1.0,0.76,0.8644,1.0,0.0,1.0,1.0,0.4649,0.7575,False,,"Rank #34: Strong match for retrieval-focused AI engineering role. 5 years at Apple, Cashfree building semantic search, ranking, or retrieval systems with BM25, Ranking Systems, PyTorch. Behavioral signals: actively looking and open to work; high recruiter engagement (response rate 0.87). JD fit: meets the 5-9 year experience requirement (5 yrs); demonstrates retrieval/ranking expertise required by the JD; has the required expert-level Python.",Vector Search Engineer,Meta,5.0,Mumbai
35,Candidate_0130,0.8056,0.7763,1.0,0.6124,1.0,0.62,1.0,1.0,0.6733,0.9333,1.0,0.0,1.0,1.0,0.4649,0.7627,False,,"Rank #35: Strong match for retrieval-focused AI engineering role. 7 years at Nixtla, Cashfree building semantic search, ranking, or retrieval systems with Kubernetes, Information Retrieval, MAP. Behavioral signals: high recruiter engagement (response rate 1.00). JD fit: meets the 5-9 year experience requirement (7 yrs); demonstrates retrieval/ranking expertise required by the JD.",Vector Search Engineer,PhonePe,7.0,Bangalore
36,Candidate_0034,0.8056,0.7437,1.0,0.666,0.95,0.62,1.0,1.0,0.6933,1.0,1.0,0.0,1.0,1.0,0.656,0.6573,False,,"Rank #36: Strong match for retrieval-focused AI engineering role. 7 years at Google, Setu building semantic search, ranking, or retrieval systems with Docker, Pinecone, RAG. Behavioral signals: actively looking and open to work; immediate availability (notice period 15 days); high offer acceptance rate (0.87). JD fit: meets the 5-9 year experience requirement (7 yrs); demonstrates retrieval/ranking expertise required by the JD; has the required expert-level Python.",AI Platform Engineer,BrowserStack,7.0,Noida
37,Candidate_0014,0.8054,0.7518,1.0,0.6982,0.95,0.62,1.0,0.8,0.73,1.0,1.0,0.0,1.0,1.0,0.6135,0.7274,False,,"Rank #37: Strong match for retrieval-focused AI engineering role. 7 years at Hasura, ShareChat building semantic search, ranking, or retrieval systems with BM25, Recommendation Systems, Semantic Search. Behavioral signals: actively looking and open to work. JD fit: meets the 5-9 year experience requirement (7 yrs); demonstrates retrieval/ranking expertise required by the JD; has the required expert-level Python.",Search Engineer,ShareChat,7.0,Delhi NCR
38,Candidate_0050,0.8051,0.8087,1.0,0.6507,0.78,0.65,1.0,1.0,0.7115,1.0,1.0,0.0,1.0,0.85,0.7376,0.7323,False,,"Rank #38: Strong match for retrieval-focused AI engineering role. 5 years at Paytm, PhonePe building semantic search, ranking, or retrieval systems with Semantic Search, Fine-Tuning, Transformers. Behavioral signals: actively looking and open to work; strong open-source activity (github score 100); high offer acceptance rate (0.90). JD fit: meets the 5-9 year experience requirement (5 yrs); demonstrates retrieval/ranking expertise required by the JD.",Senior AI Engineer,Unacademy,5.0,Noida
39,Candidate_0049,0.8046,0.7176,1.0,0.7445,0.95,0.62,1.0,1.0,0.66,1.0,1.0,0.0,1.0,1.0,0.5707,0.6792,False,,"Rank #39: Strong match for retrieval-focused AI engineering role. 5 years at Setu, Meesho building semantic search, ranking, or retrieval systems with NLP, Ranking Systems, Transformers. Behavioral signals: actively looking and open to work; high recruiter engagement (response rate 0.93); immediate availability (notice period 15 days); strong open-source activity (github score 97). JD fit: meets the 5-9 year experience requirement (5 yrs); demonstrates retrieval/ranking expertise required by the JD.",Search Infrastructure Engineer,CRED,5.0,Noida
40,Candidate_0124,0.8044,0.7216,1.0,0.7381,0.95,0.62,1.0,0.9,0.6833,1.0,1.0,0.0,1.0,1.0,0.6135,0.7347,False,,"Rank #40: Strong match for retrieval-focused AI engineering role. 9 years at ShareChat, Postman building semantic search, ranking, or retrieval systems with MAP, Milvus, Embeddings. Behavioral signals: actively looking and open to work; immediate availability (notice period 15 days); strong open-source activity (github score 89); high offer acceptance rate (0.86). JD fit: meets the 5-9 year experience requirement (9 yrs); demonstrates retrieval/ranking expertise required by the JD.",Search Engineer,Amazon,9.0,Mumbai
41,Candidate_0045,0.8043,0.7879,1.0,0.5636,1.0,0.62,1.0,1.0,0.7233,0.9311,1.0,0.0,1.0,1.0,0.4424,0.7576,False,,"Rank #41: Strong match for retrieval-focused AI engineering role. 8 years at Meta, Razorpay building semantic search, ranking, or retrieval systems with Kubernetes, Embeddings, MRR. Behavioral signals: immediate availability (notice period 15 days). JD fit: meets the 5-9 year experience requirement (8 yrs); demonstrates retrieval/ranking expertise required by the JD.",Senior NLP Scientist,Zoho,8.0,Delhi NCR
42,Candidate_0038,0.8043,0.7335,1.0,0.6844,1.0,0.62,1.0,0.9,0.7233,1.0,1.0,0.0,1.0,0.85,0.6681,0.6953,False,,"Rank #42: Strong match for retrieval-focused AI engineering role. 6 years at Paytm, Zomato building semantic search, ranking, or retrieval systems with FastAPI, Milvus, Pinecone. Behavioral signals: actively looking and open to work; high recruiter engagement (response rate 0.97); immediate availability (notice period 15 days); high offer acceptance rate (0.87). JD fit: meets the 5-9 year experience requirement (6 yrs); demonstrates retrieval/ranking expertise required by the JD.",Ranking Engineer,Nixtla,6.0,Pune
43,Candidate_0135,0.8034,0.7485,1.0,0.6259,1.0,0.62,1.0,1.0,0.76,0.9378,1.0,0.0,1.0,1.0,0.4424,0.7268,False,,"Rank #43: Strong match for retrieval-focused AI engineering role. 7 years at Zepto, Paytm building semantic search, ranking, or retrieval systems with Milvus, Transformers, Ranking Systems. Behavioral signals: actively looking and open to work; high recruiter engagement (response rate 0.99); strong open-source activity (github score 80). JD fit: meets the 5-9 year experience requirement (7 yrs); demonstrates retrieval/ranking expertise required by the JD.",Senior NLP Scientist,Ola,7.0,Mumbai
44,Candidate_0097,0.8031,0.6954,1.0,0.7194,0.95,0.62,1.0,1.0,0.75,0.9622,1.0,0.0,1.0,1.0,0.656,0.7321,False,,"Rank #44: Strong match for retrieval-focused AI engineering role. 6 years at CRED, Hasura building semantic search, ranking, or retrieval systems with Elasticsearch, Fine-Tuning, Kubernetes. Behavioral signals: actively looking and open to work; high recruiter engagement (response rate 0.81); immediate availability (notice period 15 days). JD fit: meets the 5-9 year experience requirement (6 yrs); demonstrates retrieval/ranking expertise required by the JD.",AI Platform Engineer,PhonePe,6.0,Pune
45,Candidate_0101,0.8028,0.7263,1.0,0.6406,1.0,0.62,1.0,1.0,0.7071,1.0,1.0,0.0,1.0,1.0,0.5707,0.7321,False,,"Rank #45: Strong match for retrieval-focused AI engineering role. 7 years at Flipkart, Zepto building semantic search, ranking, or retrieval systems with MAP, Vector Databases, MRR. Behavioral signals: actively looking and open to work; strong open-source activity (github score 89). JD fit: meets the 5-9 year experience requirement (7 yrs); demonstrates retrieval/ranking expertise required by the JD; has the required expert-level Python.",Search Infrastructure Engineer,CRED,7.0,Bangalore
46,Candidate_0061,0.8024,0.7764,1.0,0.6525,0.9,0.62,1.0,0.9,0.6267,1.0,1.0,0.0,1.0,1.0,0.668,0.7706,False,,"Rank #46: Strong match for retrieval-focused AI engineering role. 6 years at Nixtla, BrowserStack building semantic search, ranking, or retrieval systems with FAISS, Embeddings, Milvus. Behavioral signals: immediate availability (notice period 0 days); strong open-source activity (github score 75); high offer acceptance rate (0.83). JD fit: meets the 5-9 year experience requirement (6 yrs); demonstrates retrieval/ranking expertise required by the JD; has the required expert-level Python.",AI Infrastructure Engineer,Zepto,6.0,Hyderabad
47,Candidate_0090,0.8024,0.7972,1.0,0.5859,1.0,0.62,1.0,1.0,0.6733,0.7711,0.916,0.0,1.0,0.85,0.6607,0.7602,False,,"Rank #47: Strong match for retrieval-focused AI engineering role. 9 years at Meesho, Google building semantic search, ranking, or retrieval systems with Qdrant, Learning to Rank, A/B Testing. Behavioral signals: high offer acceptance rate (0.91). JD fit: meets the 5-9 year experience requirement (9 yrs); demonstrates retrieval/ranking expertise required by the JD.",ML Engineer,PhonePe,9.0,Bangalore
48,Candidate_0013,0.802,0.7146,1.0,0.7721,0.85,0.62,1.0,0.9,0.77,0.9667,1.0,0.0,1.0,1.0,0.662,0.7563,False,,"Rank #48: Strong match for retrieval-focused AI engineering role. 6 years at Freshworks, Zepto building semantic search, ranking, or retrieval systems with LLMs, Python, LoRA. Behavioral signals: actively looking and open to work; high recruiter engagement (response rate 0.86); immediate availability (notice period 0 days); strong open-source activity (github score 92); high offer acceptance rate (0.90). JD fit: meets the 5-9 year experience requirement (6 yrs); demonstrates retrieval/ranking expertise required by the JD; has the required expert-level Python.",Senior Machine Learning Engineer,Freshworks,6.0,Bangalore
49,Candidate_0057,0.8018,0.7246,1.0,0.7191,0.85,0.62,1.0,1.0,0.8107,1.0,1.0,0.0,1.0,1.0,0.5707,0.7234,False,,"Rank #49: Strong match for retrieval-focused AI engineering role. 8 years at ShareChat, Krutrim building semantic search, ranking, or retrieval systems with NLP, Distributed Systems, Vector Databases. Behavioral signals: actively looking and open to work; strong open-source activity (github score 80); high offer acceptance rate (0.91). JD fit: meets the 5-9 year experience requirement (8 yrs); demonstrates retrieval/ranking expertise required by the JD.",Search Infrastructure Engineer,ShareChat,8.0,Noida
50,Candidate_0054,0.8014,0.7547,1.0,0.6884,0.85,0.65,1.0,1.0,0.7393,0.9762,1.0,0.0,1.0,0.85,0.6681,0.7146,False,,"Rank #50: Strong match for retrieval-focused AI engineering role. 6 years at Microsoft, Cashfree building semantic search, ranking, or retrieval systems with FAISS, Information Retrieval, A/B Testing. Behavioral signals: actively looking and open to work; strong open-source activity (github score 79). JD fit: meets the 5-9 year experience requirement (6 yrs); demonstrates retrieval/ranking expertise required by the JD; has the required expert-level Python.",Ranking Engineer,Zoho,6.0,Pune
51,Candidate_0121,0.8011,0.7345,1.0,0.6701,1.0,0.62,1.0,1.0,0.61,1.0,1.0,0.0,1.0,0.85,0.6681,0.6897,False,,"Rank #51: Strong match for retrieval-focused AI engineering role. 9 years at Hasura, Apple building semantic search, ranking, or retrieval systems with Elasticsearch, Qdrant, Vector Databases. Behavioral signals: actively looking and open to work; high recruiter engagement (response rate 0.85). JD fit: meets the 5-9 year experience requirement (9 yrs); demonstrates retrieval/ranking expertise required by the JD; has the required expert-level Python.",Ranking Engineer,CRED,9.0,Mumbai
52,Candidate_0024,0.8009,0.7535,1.0,0.6877,0.85,0.62,1.0,1.0,0.7367,0.92,1.0,0.0,1.0,1.0,0.6193,0.7376,False,,"Rank #52: Strong match for retrieval-focused AI engineering role. 5 years at Sarvam AI, BrowserStack building semantic search, ranking, or retrieval systems with QLoRA, Transformers, Ranking Systems. Behavioral signals: actively looking and open to work; high recruiter engagement (response rate 0.81). JD fit: meets the 5-9 year experience requirement (5 yrs); demonstrates retrieval/ranking expertise required by the JD; has the required expert-level Python.",NLP Engineer,Postman,5.0,Noida
53,Candidate_0146,0.8005,0.7431,1.0,0.5825,1.0,0.62,1.0,1.0,0.78,1.0,1.0,0.0,1.0,0.85,0.656,0.6727,False,,"Rank #53: Strong match for retrieval-focused AI engineering role. 9 years at Freshworks, Nixtla building semantic search, ranking, or retrieval systems with Milvus, Weaviate, BM25. Behavioral signals: immediate availability (notice period 0 days); strong open-source activity (github score 92). JD fit: meets the 5-9 year experience requirement (9 yrs); demonstrates retrieval/ranking expertise required by the JD.",AI Platform Engineer,Flipkart,9.0,Bangalore
54,Candidate_0025,0.8001,0.7058,1.0,0.7589,0.95,0.62,1.0,1.0,0.6417,0.7944,1.0,0.0,1.0,1.0,0.662,0.7292,False,,"Rank #54: Strong match for retrieval-focused AI engineering role. 5 years at Postman, Amazon building semantic search, ranking, or retrieval systems with RAG, Qdrant, Retrieval Systems. Behavioral signals: actively looking and open to work; immediate availability (notice period 0 days); strong open-source activity (github score 98); high offer acceptance rate (0.93). JD fit: meets the 5-9 year experience requirement (5 yrs); demonstrates retrieval/ranking expertise required by the JD.",Senior Machine Learning Engineer,CRED,5.0,Noida
55,Candidate_0056,0.8,0.7189,1.0,0.6714,1.0,0.62,1.0,1.0,0.6433,1.0,1.0,0.0,1.0,0.85,0.656,0.7583,False,,"Rank #55: Strong match for retrieval-focused AI engineering role. 9 years at Nixtla, Ola building semantic search, ranking, or retrieval systems with MAP, Retrieval Systems, Milvus. Behavioral signals: actively looking and open to work; high recruiter engagement (response rate 0.82); immediate availability (notice period 15 days); high offer acceptance rate (0.95). JD fit: meets the 5-9 year experience requirement (9 yrs); demonstrates retrieval/ranking expertise required by the JD.",AI Platform Engineer,Hasura,9.0,Noida
56,Candidate_0052,0.7998,0.7838,1.0,0.6322,0.9,0.62,1.0,1.0,0.65,1.0,1.0,0.0,1.0,0.85,0.5707,0.7808,False,,"Rank #56: Strong match for retrieval-focused AI engineering role. 8 years at Razorpay, BrowserStack building semantic search, ranking, or retrieval systems with Milvus, PyTorch, Fine-Tuning. Behavioral signals: high recruiter engagement (response rate 0.85); strong open-source activity (github score 89). JD fit: meets the 5-9 year experience requirement (8 yrs); demonstrates retrieval/ranking expertise required by the JD.",Search Infrastructure Engineer,Swiggy,8.0,Mumbai
57,Candidate_0022,0.7997,0.7291,1.0,0.6814,1.0,0.62,1.0,1.0,0.6367,1.0,1.0,0.0,1.0,0.85,0.5707,0.7005,False,,"Rank #57: Strong match for retrieval-focused AI engineering role. 8 years at Zepto, Nixtla building semantic search, ranking, or retrieval systems with MRR, BM25, A/B Testing. Behavioral signals: actively looking and open to work; immediate availability (notice period 0 days); high offer acceptance rate (0.94). JD fit: meets the 5-9 year experience requirement (8 yrs); demonstrates retrieval/ranking expertise required by the JD.",Search Infrastructure Engineer,Postman,8.0,Noida
58,Candidate_0041,0.7992,0.7071,1.0,0.7451,0.9,0.62,1.0,1.0,0.7467,1.0,1.0,0.0,1.0,1.0,0.4649,0.7279,False,,"Rank #58: Strong match for retrieval-focused AI engineering role. 9 years at Dukaan, Hasura building semantic search, ranking, or retrieval systems with A/B Testing, Python, Semantic Search. Behavioral signals: actively looking and open to work; immediate availability (notice period 15 days); strong open-source activity (github score 82); high offer acceptance rate (0.86). JD fit: meets the 5-9 year experience requirement (9 yrs); demonstrates retrieval/ranking expertise required by the JD; has the required expert-level Python.",Vector Search Engineer,Hasura,9.0,Delhi NCR
59,Candidate_0075,0.7989,0.7366,1.0,0.6553,1.0,0.62,1.0,0.9,0.7286,1.0,1.0,0.0,1.0,0.85,0.5453,0.7301,False,,"Rank #59: Strong match for retrieval-focused AI engineering role. 6 years at CRED, ShareChat building semantic search, ranking, or retrieval systems with Learning to Rank, Qdrant, A/B Testing. Behavioral signals: actively looking and open to work; high recruiter engagement (response rate 0.87); high offer acceptance rate (0.94). JD fit: meets the 5-9 year experience requirement (6 yrs); demonstrates retrieval/ranking expertise required by the JD.",Retrieval Engineer,Zoho,6.0,Mumbai
60,Candidate_0053,0.7986,0.7324,1.0,0.6885,1.0,0.62,1.0,1.0,0.5933,1.0,1.0,0.0,1.0,0.85,0.5453,0.7095,False,,"Rank #60: Strong match for retrieval-focused AI engineering role. 8 years at Amazon, Paytm building semantic search, ranking, or retrieval systems with RAG, Learning to Rank, Semantic Search. Behavioral signals: actively looking and open to work; high recruiter engagement (response rate 0.95); strong open-source activity (github score 98); high offer acceptance rate (0.87). JD fit: meets the 5-9 year experience requirement (8 yrs); demonstrates retrieval/ranking expertise required by the JD.",Retrieval Engineer,Swiggy,8.0,Mumbai
61,Candidate_0096,0.7983,0.7274,1.0,0.6099,1.0,0.65,1.0,1.0,0.74,0.8378,1.0,0.0,1.0,1.0,0.6607,0.6177,False,,"Rank #61: Strong match for retrieval-focused AI engineering role. 5 years at Google, Postman building semantic search, ranking, or retrieval systems with RAG, NLP, BM25. Behavioral signals: high recruiter engagement (response rate 0.86); strong open-source activity (github score 96). JD fit: meets the 5-9 year experience requirement (5 yrs); demonstrates retrieval/ranking expertise required by the JD; has the required expert-level Python.",ML Engineer,Razorpay,5.0,Delhi NCR
62,Candidate_0000,0.7983,0.7229,1.0,0.6783,0.9,0.65,1.0,0.8,0.77,1.0,1.0,0.0,1.0,1.0,0.7376,0.7292,False,,"Rank #62: Strong match for retrieval-focused AI engineering role. 5 years at CRED, Razorpay building semantic search, ranking, or retrieval systems with PyTorch, Semantic Search, BM25. Behavioral signals: actively looking and open to work; strong open-source activity (github score 80). JD fit: meets the 5-9 year experience requirement (5 yrs); demonstrates retrieval/ranking expertise required by the JD; has the required expert-level Python.",Senior AI Engineer,Nixtla,5.0,Pune
63,Candidate_0123,0.7981,0.7137,1.0,0.6911,0.95,0.62,1.0,1.0,0.7,1.0,1.0,0.0,1.0,0.85,0.6672,0.7034,False,,"Rank #63: Strong match for retrieval-focused AI engineering role. 7 years at Zepto, PhonePe building semantic search, ranking, or retrieval systems with Weaviate, Transformers, BM25. Behavioral signals: actively looking and open to work; high recruiter engagement (response rate 0.84); immediate availability (notice period 0 days); high offer acceptance rate (0.91). JD fit: meets the 5-9 year experience requirement (7 yrs); demonstrates retrieval/ranking expertise required by the JD; has the required expert-level Python.",Applied ML Engineer,BrowserStack,7.0,Mumbai
64,Candidate_0007,0.798,0.7199,1.0,0.6906,0.95,0.62,1.0,1.0,0.6467,1.0,1.0,0.0,1.0,1.0,0.5707,0.6753,False,,"Rank #64: Strong match for retrieval-focused AI engineering role. 6 years at Apple, Setu building semantic search, ranking, or retrieval systems with A/B Testing, Retrieval Systems, BM25. Behavioral signals: actively looking and open to work; high recruiter engagement (response rate 0.87); strong open-source activity (github score 98). JD fit: meets the 5-9 year experience requirement (6 yrs); demonstrates retrieval/ranking expertise required by the JD; has the required expert-level Python.",Search Infrastructure Engineer,Freshworks,6.0,Mumbai
65,Candidate_0042,0.7979,0.7137,1.0,0.649,0.95,0.62,1.0,1.0,0.7467,1.0,1.0,0.0,1.0,1.0,0.6135,0.6816,False,,"Rank #65: Strong match for retrieval-focused AI engineering role. 8 years at PhonePe, Zepto building semantic search, ranking, or retrieval systems with LoRA, Sentence Transformers, QLoRA. Behavioral signals: immediate availability (notice period 15 days); strong open-source activity (github score 86). JD fit: meets the 5-9 year experience requirement (8 yrs); demonstrates retrieval/ranking expertise required by the JD; has the required expert-level Python.",Search Engineer,Microsoft,8.0,Bangalore
66,Candidate_0088,0.7975,0.7572,1.0,0.7238,0.8,0.62,1.0,1.0,0.5708,1.0,1.0,0.0,1.0,1.0,0.6607,0.7907,False,,"Rank #66: Strong match for retrieval-focused AI engineering role. 6 years at Meesho, Unacademy building semantic search, ranking, or retrieval systems with Ranking Systems, Weaviate, Distributed Systems. Behavioral signals: actively looking and open to work; high recruiter engagement (response rate 0.99); strong open-source activity (github score 96); high offer acceptance rate (0.96). JD fit: meets the 5-9 year experience requirement (6 yrs); demonstrates retrieval/ranking expertise required by the JD.",ML Engineer,Meta,6.0,Hyderabad
67,Candidate_0019,0.7971,0.7009,1.0,0.7201,1.0,0.62,1.0,1.0,0.6333,1.0,1.0,0.0,1.0,1.0,0.4277,0.6863,False,,"Rank #67: Strong match for retrieval-focused AI engineering role. 7 years at BrowserStack, Meesho building semantic search, ranking, or retrieval systems with Sentence Transformers, Qdrant, Kubernetes. Behavioral signals: actively looking and open to work; high recruiter engagement (response rate 0.94); strong open-source activity (github score 81). JD fit: meets the 5-9 year experience requirement (7 yrs); demonstrates retrieval/ranking expertise required by the JD; has the required expert-level Python.",Recommendation Systems Engineer,Cashfree,7.0,Delhi NCR
68,Candidate_0040,0.7967,0.7077,1.0,0.6406,1.0,0.62,1.0,1.0,0.6367,1.0,1.0,0.0,1.0,1.0,0.662,0.6984,False,,"Rank #68: Strong match for retrieval-focused AI engineering role. 6 years at Ola, Dukaan building semantic search, ranking, or retrieval systems with A/B Testing, LoRA, BM25. Behavioral signals: actively looking and open to work. JD fit: meets the 5-9 year experience requirement (6 yrs); demonstrates retrieval/ranking expertise required by the JD.",Senior Machine Learning Engineer,Setu,6.0,Hyderabad
69,Candidate_0080,0.7963,0.744,1.0,0.7045,0.9,0.62,1.0,0.9,0.6417,1.0,1.0,0.0,1.0,0.85,0.656,0.7619,False,,"Rank #69: Strong match for retrieval-focused AI engineering role. 9 years at Unacademy, Amazon building semantic search, ranking, or retrieval systems with Kubernetes, Semantic Search, Sentence Transformers. Behavioral signals: actively looking and open to work; high recruiter engagement (response rate 0.90); strong open-source activity (github score 96); high offer acceptance rate (0.99). JD fit: meets the 5-9 year experience requirement (9 yrs); demonstrates retrieval/ranking expertise required by the JD.",AI Platform Engineer,ShareChat,9.0,Noida
70,Candidate_0063,0.7963,0.7732,1.0,0.5829,0.95,0.62,1.0,1.0,0.5767,1.0,1.0,0.0,1.0,1.0,0.6193,0.673,False,,"Rank #70: Strong match for retrieval-focused AI engineering role. 7 years at Unacademy, Freshworks building semantic search, ranking, or retrieval systems with MLflow, MRR, Ranking Systems. JD fit: meets the 5-9 year experience requirement (7 yrs); demonstrates retrieval/ranking expertise required by the JD; has the required expert-level Python.",NLP Engineer,CRED,7.0,Hyderabad
71,Candidate_0003,0.7963,0.7344,1.0,0.7408,0.75,0.62,1.0,1.0,0.7433,1.0,1.0,0.0,1.0,1.0,0.656,0.7362,False,,"Rank #71: Strong match for retrieval-focused AI engineering role. 9 years at Cashfree, Hasura building semantic search, ranking, or retrieval systems with Kubernetes, Fine-Tuning, PyTorch. Behavioral signals: actively looking and open to work; high recruiter engagement (response rate 0.92); immediate availability (notice period 15 days); strong open-source activity (github score 86); high offer acceptance rate (0.87). JD fit: meets the 5-9 year experience requirement (9 yrs); demonstrates retrieval/ranking expertise required by the JD; has the required expert-level Python.",AI Platform Engineer,Meta,9.0,Noida
72,Candidate_0095,0.7955,0.7131,1.0,0.76,0.95,0.62,1.0,0.9,0.6033,1.0,1.0,0.0,1.0,1.0,0.4649,0.6875,False,,"Rank #72: Strong match for retrieval-focused AI engineering role. 7 years at Apple, Ola building semantic search, ranking, or retrieval systems with Semantic Search, Information Retrieval, Embeddings. Behavioral signals: actively looking and open to work; high recruiter engagement (response rate 0.92); immediate availability (notice period 15 days). JD fit: meets the 5-9 year experience requirement (7 yrs); demonstrates retrieval/ranking expertise required by the JD; has the required expert-level Python.",Vector Search Engineer,Sarvam AI,7.0,Noida
73,Candidate_0132,0.7955,0.7044,1.0,0.6662,0.95,0.62,1.0,1.0,0.7607,0.9357,1.0,0.0,1.0,1.0,0.5453,0.7399,False,,"Rank #73: Strong match for retrieval-focused AI engineering role. 7 years at Cashfree, Zepto building semantic search, ranking, or retrieval systems with LoRA, Python, Ranking Systems. Behavioral signals: actively looking and open to work; strong open-source activity (github score 98). JD fit: meets the 5-9 year experience requirement (7 yrs); demonstrates retrieval/ranking expertise required by the JD; has the required expert-level Python.",Retrieval Engineer,Zepto,7.0,Pune
74,Candidate_0114,0.7953,0.7149,1.0,0.7671,0.85,0.62,1.0,1.0,0.675,0.9083,1.0,0.0,1.0,1.0,0.5453,0.7498,False,,"Rank #74: Strong match for retrieval-focused AI engineering role. 5 years at PhonePe, Flipkart building semantic search, ranking, or retrieval systems with Kubernetes, A/B Testing, Information Retrieval. Behavioral signals: actively looking and open to work; high recruiter engagement (response rate 0.90); immediate availability (notice period 15 days); strong open-source activity (github score 96); high offer acceptance rate (0.93). JD fit: meets the 5-9 year experience requirement (5 yrs); demonstrates retrieval/ranking expertise required by the JD.",Retrieval Engineer,Swiggy,5.0,Delhi NCR
75,Candidate_0092,0.7953,0.6946,1.0,0.7065,0.95,0.62,1.0,1.0,0.6467,0.9889,1.0,0.0,1.0,1.0,0.6135,0.715,False,,"Rank #75: Strong match for retrieval-focused AI engineering role. 8 years at Nixtla, Microsoft building semantic search, ranking, or retrieval systems with A/B Testing, Ranking Systems, LoRA. Behavioral signals: actively looking and open to work; high recruiter engagement (response rate 0.89); immediate availability (notice period 15 days); high offer acceptance rate (0.97). JD fit: meets the 5-9 year experience requirement (8 yrs); demonstrates retrieval/ranking expertise required by the JD.",Search Engineer,Hasura,8.0,Hyderabad
76,Candidate_0109,0.7951,0.6774,1.0,0.7132,0.95,0.62,1.0,1.0,0.72,0.9444,1.0,0.0,1.0,1.0,0.6672,0.6826,False,,"Rank #76: Strong match for retrieval-focused AI engineering role. 8 years at Google, Razorpay building semantic search, ranking, or retrieval systems with Qdrant, Semantic Search, NLP. Behavioral signals: actively looking and open to work; immediate availability (notice period 0 days). JD fit: meets the 5-9 year experience requirement (8 yrs); demonstrates retrieval/ranking expertise required by the JD; has the required expert-level Python.",Applied ML Engineer,Zomato,8.0,Mumbai
77,Candidate_0144,0.7939,0.6805,1.0,0.7218,0.95,0.62,1.0,1.0,0.6786,0.9667,1.0,0.0,1.0,1.0,0.662,0.6103,False,,"Rank #77: Strong match for retrieval-focused AI engineering role. 6 years at Google, CRED building semantic search, ranking, or retrieval systems with QLoRA, Kubernetes, Elasticsearch. Behavioral signals: actively looking and open to work; high recruiter engagement (response rate 0.82); strong open-source activity (github score 85). JD fit: meets the 5-9 year experience requirement (6 yrs); demonstrates retrieval/ranking expertise required by the JD; has the required expert-level Python.",Senior Machine Learning Engineer,Microsoft,6.0,Delhi NCR
78,Candidate_0002,0.7934,0.7083,1.0,0.5666,1.0,0.62,1.0,1.0,0.74,1.0,1.0,0.0,1.0,1.0,0.656,0.7223,False,,"Rank #78: Strong match for retrieval-focused AI engineering role. 9 years at Amazon, Cashfree building semantic search, ranking, or retrieval systems with Ranking Systems, Semantic Search, Kubernetes. Behavioral signals: strong open-source activity (github score 99). JD fit: meets the 5-9 year experience requirement (9 yrs); demonstrates retrieval/ranking expertise required by the JD.",AI Platform Engineer,Freshworks,9.0,Delhi NCR
79,Candidate_0017,0.7934,0.728,1.0,0.6981,0.85,0.62,1.0,1.0,0.7067,0.8756,1.0,0.0,1.0,1.0,0.6681,0.6897,False,,"Rank #79: Strong match for retrieval-focused AI engineering role. 8 years at Cashfree, Freshworks building semantic search, ranking, or retrieval systems with LLMs, LoRA, BM25. Behavioral signals: actively looking and open to work; high recruiter engagement (response rate 0.94); strong open-source activity (github score 82). JD fit: meets the 5-9 year experience requirement (8 yrs); demonstrates retrieval/ranking expertise required by the JD.",Ranking Engineer,Flipkart,8.0,Mumbai
80,Candidate_0128,0.7931,0.7177,1.0,0.6702,1.0,0.62,1.0,1.0,0.6133,0.7,1.0,0.0,1.0,1.0,0.6672,0.7206,False,,"Rank #80: Strong match for retrieval-focused AI engineering role. 5 years at PhonePe, Ola building semantic search, ranking, or retrieval systems with FAISS, Pinecone, Recommendation Systems. Behavioral signals: high recruiter engagement (response rate 0.99); immediate availability (notice period 0 days); strong open-source activity (github score 81). JD fit: meets the 5-9 year experience requirement (5 yrs); demonstrates retrieval/ranking expertise required by the JD.",Applied ML Engineer,Setu,5.0,Delhi NCR
81,Candidate_0023,0.7926,0.7571,1.0,0.719,0.85,0.62,1.0,0.8,0.6367,1.0,1.0,0.0,1.0,1.0,0.5707,0.6962,False,,"Rank #81: Strong match for retrieval-focused AI engineering role. 6 years at Meta, Google building semantic search, ranking, or retrieval systems with NDCG, FAISS, PyTorch. Behavioral signals: actively looking and open to work; high recruiter engagement (response rate 0.97); strong open-source activity (github score 78); high offer acceptance rate (0.82). JD fit: meets the 5-9 year experience requirement (6 yrs); demonstrates retrieval/ranking expertise required by the JD; has the required expert-level Python.",Search Infrastructure Engineer,Microsoft,6.0,Delhi NCR
82,Candidate_0143,0.7926,0.6832,1.0,0.741,0.9,0.62,1.0,1.0,0.6375,1.0,1.0,0.0,1.0,1.0,0.668,0.6907,False,,"Rank #82: Strong match for retrieval-focused AI engineering role. 8 years at Microsoft, Freshworks building semantic search, ranking, or retrieval systems with Transformers, Distributed Systems, MRR. Behavioral signals: actively looking and open to work; high recruiter engagement (response rate 0.83); immediate availability (notice period 0 days); strong open-source activity (github score 88). JD fit: meets the 5-9 year experience requirement (8 yrs); demonstrates retrieval/ranking expertise required by the JD.",AI Infrastructure Engineer,Razorpay,8.0,Delhi NCR
83,Candidate_0142,0.7918,0.7416,1.0,0.6646,0.9,0.62,1.0,0.9,0.6667,1.0,1.0,0.0,1.0,0.85,0.656,0.7465,False,,"Rank #83: Strong match for retrieval-focused AI engineering role. 6 years at Zoho, Dukaan building semantic search, ranking, or retrieval systems with Ranking Systems, Transformers, Weaviate. Behavioral signals: actively looking and open to work; strong open-source activity (github score 74); high offer acceptance rate (0.86). JD fit: meets the 5-9 year experience requirement (6 yrs); demonstrates retrieval/ranking expertise required by the JD.",AI Platform Engineer,Zoho,6.0,Bangalore
84,Candidate_0112,0.7913,0.7622,1.0,0.6134,0.9,0.62,1.0,1.0,0.6033,1.0,1.0,0.0,1.0,0.85,0.6672,0.7118,False,,"Rank #84: Strong match for retrieval-focused AI engineering role. 7 years at Google, Freshworks building semantic search, ranking, or retrieval systems with Fine-Tuning, Docker, Distributed Systems. Behavioral signals: immediate availability (notice period 0 days); strong open-source activity (github score 79); high offer acceptance rate (0.83). JD fit: meets the 5-9 year experience requirement (7 yrs); demonstrates retrieval/ranking expertise required by the JD.",Applied ML Engineer,Freshworks,7.0,Hyderabad
85,Candidate_0115,0.7912,0.6761,1.0,0.6259,1.0,0.62,1.0,1.0,0.7633,0.9689,1.0,0.0,1.0,1.0,0.6135,0.7119,False,,"Rank #85: Strong match for retrieval-focused AI engineering role. 7 years at Zomato, Postman building semantic search, ranking, or retrieval systems with Information Retrieval, Elasticsearch, Vector Databases. Behavioral signals: actively looking and open to work; high recruiter engagement (response rate 0.93). JD fit: meets the 5-9 year experience requirement (7 yrs); demonstrates retrieval/ranking expertise required by the JD; has the required expert-level Python.",Search Engineer,Krutrim,7.0,Noida
86,Candidate_0071,0.7908,0.773,1.0,0.5542,1.0,0.65,1.0,0.7,0.7233,0.9133,1.0,0.0,1.0,1.0,0.5453,0.7059,False,,"Rank #86: Strong match for retrieval-focused AI engineering role. 5 years at Freshworks, BrowserStack building semantic search, ranking, or retrieval systems with RAG, A/B Testing, Semantic Search. Behavioral signals: immediate availability (notice period 15 days). JD fit: meets the 5-9 year experience requirement (5 yrs); demonstrates retrieval/ranking expertise required by the JD.",Retrieval Engineer,Zoho,5.0,Delhi NCR
87,Candidate_0070,0.7901,0.688,1.0,0.6324,0.95,0.62,1.0,0.9,0.8033,1.0,1.0,0.0,1.0,1.0,0.6681,0.6886,False,,"Rank #87: Strong match for retrieval-focused AI engineering role. 9 years at Hasura, Google building semantic search, ranking, or retrieval systems with LoRA, LLMs, Semantic Search. Behavioral signals: high recruiter engagement (response rate 0.81); high offer acceptance rate (0.97). JD fit: meets the 5-9 year experience requirement (9 yrs); demonstrates retrieval/ranking expertise required by the JD.",Ranking Engineer,Cashfree,9.0,Mumbai
88,Candidate_0035,0.7895,0.711,1.0,0.5667,1.0,0.62,1.0,1.0,0.6767,0.9578,1.0,0.0,1.0,1.0,0.6607,0.7066,False,,"Rank #88: Strong match for retrieval-focused AI engineering role. 7 years at Unacademy, Sarvam AI building semantic search, ranking, or retrieval systems with Sentence Transformers, Elasticsearch, BM25. Behavioral signals: high recruiter engagement (response rate 0.83); immediate availability (notice period 0 days); strong open-source activity (github score 96). JD fit: meets the 5-9 year experience requirement (7 yrs); demonstrates retrieval/ranking expertise required by the JD; has the required expert-level Python.",ML Engineer,Amazon,7.0,Pune
89,Candidate_0105,0.7892,0.6868,1.0,0.732,0.9,0.62,1.0,1.0,0.5536,1.0,1.0,0.0,1.0,1.0,0.6672,0.7399,False,,"Rank #89: Strong match for retrieval-focused AI engineering role. 5 years at CRED, Swiggy building semantic search, ranking, or retrieval systems with Elasticsearch, LoRA, LLMs. Behavioral signals: actively looking and open to work; high recruiter engagement (response rate 0.89); immediate availability (notice period 0 days); strong open-source activity (github score 96); high offer acceptance rate (0.89). JD fit: meets the 5-9 year experience requirement (5 yrs); demonstrates retrieval/ranking expertise required by the JD.",Applied ML Engineer,Meesho,5.0,Hyderabad
90,Candidate_0136,0.789,0.6869,1.0,0.7084,1.0,0.62,1.0,0.8,0.6267,1.0,1.0,0.0,1.0,1.0,0.6135,0.6654,False,,"Rank #90: Strong match for retrieval-focused AI engineering role. 9 years at Krutrim, Nixtla building semantic search, ranking, or retrieval systems with Python, Sentence Transformers, Retrieval Systems. Behavioral signals: actively looking and open to work; high recruiter engagement (response rate 0.83); strong open-source activity (github score 97). JD fit: meets the 5-9 year experience requirement (9 yrs); demonstrates retrieval/ranking expertise required by the JD; has the required expert-level Python.",Search Engineer,Nixtla,9.0,Pune
91,Candidate_0103,0.7889,0.7378,1.0,0.5993,0.95,0.62,1.0,1.0,0.6769,1.0,0.9185,0.0,1.0,1.0,0.4424,0.7409,False,,"Rank #91: Strong match for retrieval-focused AI engineering role. 9 years at Sarvam AI, Flipkart building semantic search, ranking, or retrieval systems with Learning to Rank, MAP, BM25. Behavioral signals: immediate availability (notice period 15 days); strong open-source activity (github score 77); high offer acceptance rate (0.99). JD fit: meets the 5-9 year experience requirement (9 yrs); demonstrates retrieval/ranking expertise required by the JD; has the required expert-level Python.",Senior NLP Scientist,Dukaan,9.0,Delhi NCR
92,Candidate_0073,0.7882,0.7232,1.0,0.7563,0.9,0.62,1.0,0.7,0.63,1.0,1.0,0.0,1.0,0.85,0.656,0.7371,False,,"Rank #92: Strong match for retrieval-focused AI engineering role. 6 years at Postman, Razorpay building semantic search, ranking, or retrieval systems with Docker, Elasticsearch, NDCG. Behavioral signals: actively looking and open to work; immediate availability (notice period 15 days); strong open-source activity (github score 76); high offer acceptance rate (0.83). JD fit: meets the 5-9 year experience requirement (6 yrs); demonstrates retrieval/ranking expertise required by the JD; has the required expert-level Python.",AI Platform Engineer,Zepto,6.0,Delhi NCR
93,Candidate_0110,0.788,0.7345,1.0,0.5207,1.0,0.62,1.0,0.9,0.7133,1.0,1.0,0.0,1.0,1.0,0.6672,0.6507,False,,"Rank #93: Strong match for retrieval-focused AI engineering role. 8 years at Cashfree, Dukaan building semantic search, ranking, or retrieval systems with Semantic Search, Retrieval Systems, MAP. Behavioral signals: strong open-source activity (github score 74). JD fit: meets the 5-9 year experience requirement (8 yrs); demonstrates retrieval/ranking expertise required by the JD.",Applied ML Engineer,Cashfree,8.0,Bangalore
94,Candidate_0077,0.7878,0.6976,1.0,0.6939,0.8,0.62,1.0,1.0,0.7708,1.0,1.0,0.0,1.0,1.0,0.662,0.7243,False,,"Rank #94: Strong match for retrieval-focused AI engineering role. 8 years at Sarvam AI, Microsoft building semantic search, ranking, or retrieval systems with Weaviate, Vector Databases, A/B Testing. Behavioral signals: actively looking and open to work; high recruiter engagement (response rate 0.84); strong open-source activity (github score 90). JD fit: meets the 5-9 year experience requirement (8 yrs); demonstrates retrieval/ranking expertise required by the JD; has the required expert-level Python.",Senior Machine Learning Engineer,CRED,8.0,Mumbai
95,Candidate_0116,0.7876,0.7529,1.0,0.6208,0.85,0.62,1.0,1.0,0.6962,1.0,1.0,0.0,1.0,1.0,0.4277,0.7495,False,,"Rank #95: Strong match for retrieval-focused AI engineering role. 7 years at Amazon, Zomato building semantic search, ranking, or retrieval systems with FastAPI, Fine-Tuning, Retrieval Systems. Behavioral signals: high recruiter engagement (response rate 0.93); immediate availability (notice period 0 days). JD fit: meets the 5-9 year experience requirement (7 yrs); demonstrates retrieval/ranking expertise required by the JD; has the required expert-level Python.",Recommendation Systems Engineer,Hasura,7.0,Noida
96,Candidate_0058,0.7872,0.7115,1.0,0.6673,0.95,0.62,1.0,0.9,0.6067,1.0,1.0,0.0,1.0,1.0,0.5707,0.6814,False,,"Rank #96: Strong match for retrieval-focused AI engineering role. 9 years at Sarvam AI, Postman building semantic search, ranking, or retrieval systems with QLoRA, Recommendation Systems, Qdrant. Behavioral signals: actively looking and open to work; high recruiter engagement (response rate 0.95); strong open-source activity (github score 84). JD fit: meets the 5-9 year experience requirement (9 yrs); demonstrates retrieval/ranking expertise required by the JD.",Search Infrastructure Engineer,Setu,9.0,Bangalore
97,Candidate_0004,0.7864,0.6792,1.0,0.7448,0.95,0.62,1.0,0.9,0.6767,0.9778,1.0,0.0,1.0,1.0,0.4277,0.6499,False,,"Rank #97: Strong match for retrieval-focused AI engineering role. 6 years at Razorpay, Dukaan building semantic search, ranking, or retrieval systems with Milvus, Kubernetes, Information Retrieval. Behavioral signals: actively looking and open to work; high recruiter engagement (response rate 1.00); strong open-source activity (github score 89). JD fit: meets the 5-9 year experience requirement (6 yrs); demonstrates retrieval/ranking expertise required by the JD; has the required expert-level Python.",Recommendation Systems Engineer,Meesho,6.0,Bangalore
98,Candidate_0072,0.7856,0.7368,1.0,0.7285,0.85,0.62,1.0,0.9,0.54,1.0,1.0,0.0,1.0,1.0,0.4649,0.74,False,,"Rank #98: Strong match for retrieval-focused AI engineering role. 8 years at Flipkart, Amazon building semantic search, ranking, or retrieval systems with Docker, Kubernetes, Fine-Tuning. Behavioral signals: actively looking and open to work; high recruiter engagement (response rate 0.90); strong open-source activity (github score 96). JD fit: meets the 5-9 year experience requirement (8 yrs); demonstrates retrieval/ranking expertise required by the JD.",Vector Search Engineer,Ola,8.0,Hyderabad
99,Candidate_0029,0.7853,0.7348,1.0,0.6878,0.9,0.62,1.0,0.7,0.7133,1.0,1.0,0.0,1.0,0.85,0.6135,0.7136,False,,"Rank #99: Strong match for retrieval-focused AI engineering role. 8 years at BrowserStack, Swiggy building semantic search, ranking, or retrieval systems with NLP, A/B Testing, Elasticsearch. Behavioral signals: actively looking and open to work; high recruiter engagement (response rate 0.91); strong open-source activity (github score 87). JD fit: meets the 5-9 year experience requirement (8 yrs); demonstrates retrieval/ranking expertise required by the JD.",Search Engineer,BrowserStack,8.0,Hyderabad
100,Candidate_0068,0.7846,0.6692,1.0,0.7279,0.85,0.62,1.0,1.0,0.6643,1.0,1.0,0.0,1.0,1.0,0.6672,0.7263,False,,"Rank #100: Strong match for retrieval-focused AI engineering role. 6 years at Amazon, Dukaan building semantic search, ranking, or retrieval systems with Milvus, QLoRA, MLflow. Behavioral signals: actively looking and open to work; strong open-source activity (github score 94); high offer acceptance rate (0.98). JD fit: meets the 5-9 year experience requirement (6 yrs); demonstrates retrieval/ranking expertise required by the JD.",Applied ML Engineer,PhonePe,6.0,Bangalore
